time,hip_right_angle,knee_right_angle,ankle_right_angle,hip_left_angle,knee_left_angle,ankle_left_angle,hip_right_velocity,knee_right_velocity,ankle_right_velocity,hip_left_velocity,knee_left_velocity,ankle_left_velocity
0.0,73.26629051795369,127.19585589428866,21.79912235019926,32.95530871411301,128.8337776877663,133.31697861464713,-233.7331649736991,-428.93700583207425,182.39914486732172,-44.940309557648135,-19.163087815654254,92.0221612641048
0.03333333333333333,65.33960715874092,112.80568150873778,27.94927966511334,31.462305762551033,128.17234375426818,136.38300958380006,-226.8586815873168,-331.6106072294817,149.9236539782591,-34.28216024694717,-10.479676006322617,70.81512032560774
0.06666666666666667,57.89727399954985,101.8310199017291,32.88000883978286,30.313986736021945,127.84444616002081,138.74729403693644,-207.19490992243053,-237.1642137993469,114.59012798527225,-24.868174130434806,-1.669158993374051,52.193510813017845
0.1,51.14735053802704,94.03223822000143,36.619027482324,29.479152866176786,127.81496195581965,140.48878196236146,-177.02166341415028,-147.0709353212871,77.74376052794858,-16.571470515846684,6.8343919195689615,36.053430509155596
0.13333333333333333,45.297896271819,89.16970361029351,39.194053200852906,28.926605384666598,128.04876819246022,141.68642334838023,-138.6187554975861,-62.803881574919444,40.72974524587545,-9.265168710918466,14.59690542888394,22.290977196841496
0.16666666666666666,40.55697069857239,87.0037832193444,40.63280360348587,28.625145523142507,128.51074192073833,142.41916818329824,-94.26599960784812,14.16383766013861,4.893275778640375,-2.8223880233858503,21.184310230948427,10.802248658896096
0.2,37.249772247456846,87.34668271080344,40.84701680359041,28.539005146160072,129.19301363360393,142.784990003893,-45.573027087188265,82.80168771576776,-28.628085825688192,3.023870414569965,26.179668644713285,1.454785675448833
0.23333333333333334,35.62527730803956,90.03602182170475,39.9389146702552,28.63095941521357,130.0568023717213,142.84591592997702,5.394874022875999,141.68675845710274,-58.52675061708799,8.3614431181592,29.144162271578587,-5.734772578422324
0.26666666666666666,35.777675824287705,94.74425214931985,37.994533841148794,28.890422994440332,131.03603450179415,142.6527776473612,54.47435776901742,188.14681746292206,-82.51794052522017,13.282314774490658,29.28869876068479,-10.92081141113904
0.3,37.64728191349066,101.06699883521046,35.18864798823726,29.308860898851595,132.04101875500842,142.27946770941503,96.90164524160257,218.8498450680361,-98.16370395626461,17.632887046187427,25.87994308629558,-14.214530287060839
0.3333333333333333,40.995699555723924,108.46691108472447,31.807765680593317,29.874063625202393,132.95954208551905,141.79017977058788,128.08943934445878,230.77873497364473,-103.60230863307167,21.091272518069736,18.530384297339687,-15.849041275063737
0.36666666666666664,45.430487314860144,116.30644850297439,28.218345802147166,30.569925659464317,133.6511947525135,141.25581114442238,145.14644861396286,222.0808005166235,-98.67694591270008,23.116876309076765,7.645557794131534,-15.986113805014101
0.4,50.45915841945137,123.90373187298574,24.809361335558847,31.3537808309347,133.97788058905653,140.72366621110865,147.0684225101776,193.0414054502874,-83.75162477425104,23.047421064396747,-5.6477181361581295,-15.025048672619556
0.43333333333333335,55.51444626743713,130.5478735081247,21.939020334701787,32.157707241031765,133.83030697126807,140.22597114189563,134.52177383420704,145.72314173080946,-60.57928328117975,20.395504556013368,-19.651553888846667,-13.37703552798272
0.4666666666666667,60.08513511533242,135.56244865719847,19.896698371513803,32.881277408911174,133.16805226430512,139.7991325538479,109.7303267929198,84.37777898149542,-31.90914332142868,15.015898846662143,-32.22733351693344,-11.192477558917124
0.5,63.76230601775358,138.4684284983819,18.834339012910768,33.429919618548865,132.03899102555604,139.44596055393214,75.82230465533505,14.848781754021378,-1.1059907079376405,7.236979350228893,-41.22033361168538,-8.560831130667387
0.5333333333333333,66.25839869181334,138.9650833912389,18.81171209161937,33.71076494941632,130.5759151432068,139.17107147714796,36.0084689874682,-56.39391050553714,28.440540860987095,-2.004387775454518,-45.09352886657592,-5.378116700504252
0.5666666666666667,67.42280530596132,137.0129492166163,19.801865375403253,33.660856326976955,128.97086965565398,138.9756176643998,-6.484199302680884,-122.4389911182572,53.665724959581866,-11.440046754313144,-43.261222923302,-1.6005028415577385
0.6,67.19757702522921,132.81743502672498,21.6687289418041,33.262746321849434,127.43326189801446,138.89169354205404,-48.541150758817814,-176.67342745039676,72.22932721065791,-19.70906204416904,-36.213497965447424,2.6641755066211337
0.6333333333333333,65.61514966026628,126.80117531089556,24.180036500339526,32.55952822634122,126.16903505125282,138.95593951743282,-86.96201161607485,-213.71624359982127,82.72472628020277,-25.68444284519966,-25.419482404115943,7.235112408894894
0.6666666666666666,62.76439398207606,119.53485050512674,27.033301511288872,31.644506476698037,125.31918391870211,139.18160473661308,-118.49968430745201,-229.68843227925535,84.51388685045012,-28.53749830106792,-12.931684704536925,11.61002456521003
0.7,58.79709739062632,111.67054586699551,29.923582081472478,30.646074134986808,124.93180441689692,139.57145904327646,-139.79707816672158,-222.88675330520027,77.80471137091313,-28.012135647592007,-0.7774431551146572,15.066108520175666
0.7333333333333333,54.03148117598972,103.9988467876731,32.559737719022394,29.68251024259563,124.97864290606483,140.09286175352193,-147.63148239197764,-193.62403345183577,63.68339164423397,-24.36998021202934,9.453339785109687,16.78567120049031
0.7666666666666667,48.93656460777601,97.3253743987542,34.706211103426085,28.856065821258703,125.37386704380454,140.68681065130383,-139.8358023571045,-144.5505532312556,43.87151871698865,-18.30430031677777,16.800834831986474,16.370860647976166
0.8,44.05758722123025,92.3453761102995,36.18242250455853,28.245683047599254,125.99151012002764,141.27902869022293,-115.8802151269987,-80.29958645351245,20.37050868269176,-10.666929219469386,21.213295526010434,13.723167871996377
0.8333333333333334,39.96113931438041,89.57154835520952,36.87013080125655,27.903460015783857,126.71564914018717,141.78059757117109,-77.75426265280048,-7.458133241403303,-4.798036520565712,-2.245963419640202,23.195234544295165,9.245400563163606
0.8666666666666667,37.186454906330354,89.29655292928939,36.708887198032585,27.844141700051125,127.47387675749987,142.11000893332783,-30.096957630048138,65.78351828079087,-29.456538542489888,6.392838407216077,23.444794443379823,3.6977107288543256
0.9,36.11958056007521,91.56344696969721,35.71703838801895,28.065092784819427,128.22182142706777,142.2259666958615,21.00764790197191,131.43868893021113,-51.46243761074983,14.665972808696655,22.561330491061355,-1.89476640105489
0.9333333333333333,36.89412305071647,96.10753172761103,33.98372383384448,28.546787702120348,128.93629233264738,142.14111025794722,69.18220826516072,182.6004522719313,-68.69200171636497,22.00284369734509,20.939966544064784,-6.61514731431462
0.9666666666666667,39.38983340141111,102.4341165502591,31.65216183606849,29.265877254637335,129.61554161374144,141.8784413015374,108.59185961345406,214.12836176714907,-79.38032434690415,27.84521955517829,18.429457130514958,-9.709909603776628
1.0,43.228937100141586,109.82503939897614,28.9318865395927,30.190037511723386,130.2341281384025,141.51809450518599,134.66879494377173,222.7893112060504,-82.2607969788081,31.654745329174066,14.643097380246344,-10.730835438000089
1.0333333333333334,47.8992970339903,117.45951647636251,26.099171107187775,31.263286359382484,130.75003414554234,141.1286399859097,145.17189622953384,207.87688912001872,-76.84759593789998,32.796367417863216,9.329836985292573,-9.726103614559555
1.0666666666666667,52.87036916203723,124.56240229395476,23.448298154177444,32.386792776468006,131.10434169813786,140.78813921877315,140.09019629911512,171.36285212053016,-63.41307477484574,30.7363440130119,2.5625090631939935,-7.225538233233128
1.1,57.63398167358982,130.42132097079795,21.265832620900895,33.45124254915829,131.24119781280768,140.5353886175271,120.97539935032108,117.12984367546194,-43.00166671813661,25.21251493225761,-5.218963543453552,-3.9185662681316993
1.1333333333333333,61.725319326618774,134.45153657428628,19.77862630190555,34.34146566768914,131.09285165213242,140.40711925302116,90.53852743851265,51.048126404763586,-17.691269953746623,16.511588202561935,-13.06070724139837,-0.5737916959253949
1.1666666666666667,64.75844244968103,136.21034962758634,19.152585067393396,34.94520875179416,130.64848733115068,140.41788971729807,51.78603371083564,-20.116108639664603,9.607188747605544,5.531737953300719,-19.822502473880505,2.407037667610731
1.2,66.49538459866773,135.52316613186252,19.461313167652104,35.16316996754477,129.95124384740052,140.53618303490168,7.968422923614772,-89.20149182255857,35.67928730799275,-6.289194921239502,-24.394776786741904,4.568131018231453
1.2333333333333334,66.78429996161492,132.4643481416862,20.687764094426136,34.94957152946856,129.08900172449253,140.70734656273942,-37.343886372613426,-149.1822301129106,57.579911930441924,-17.4347240550537,-25.97872251022213,5.892943942945295
1.2666666666666666,65.56148268515155,127.3271230595377,22.706095084165973,34.325509931657805,128.17079765479917,140.89916412424694,-80.25497304883534,-193.8816595524459,72.9570047307438,-26.411043082204447,-24.125384253752344,6.3793318067253635
1.3,62.891169825911994,120.66491683213066,25.26117850794943,33.381583340518226,127.3248748957142,141.1018139676896,-116.88302005107063,-218.69644495102798,80.21524566060204,-32.00769972948517,-19.181114031496925,6.274370477685781
1.3333333333333333,58.95124888920303,113.15753033333483,28.036447631729303,32.25056535325138,126.66064744784875,141.30863280396403,-143.4994980745872,-221.3891245357454,78.77635734814719,-33.57866204808836,-11.874952038795715,5.702020095232545
1.3666666666666667,54.07011821720167,105.57671423780923,30.72168448032485,31.084744464545352,126.25785246095496,141.4860644573936,-156.56002795591215,-201.68998028411482,68.99645509915307,-31.231909968644246,-3.1828178778732954,4.767693877093753
1.4,48.69877078538746,98.67575859301049,33.0591380957402,30.012149659625948,126.1599801159131,141.6449791612607,-153.57743619316093,-161.52403178117143,52.18537732496113,-25.64335051299095,5.8726649956163754,3.319704250199064
1.4333333333333333,43.38825525492792,93.152859365468,34.82327707552975,29.146846651197404,126.38026981309336,141.76418608552135,-133.79765469658778,-104.9588845104837,30.31358008221743,-17.82940800219876,14.288703564888358,1.2572721149611492
1.4666666666666666,38.71483537367185,89.55415362022445,35.8482889028697,28.56506557509068,126.87562411648446,141.8290350498301,-98.5201184717394,-37.37424098275808,5.421944854098316,-8.828853810078694,21.327858520261184,-1.230819592458988
1.5,35.239403775799914,88.23936441061406,36.03673555245221,28.295083123765146,127.60079996958238,141.79702378208583,-51.46854943734998,34.36694134616074,-20.41370727972094,0.41795314964352337,26.404358385975225,-3.904728772329497
1.5333333333333334,33.4103896756829,89.3808648702984,35.35635155008678,28.328988175292196,128.4907937394437,141.67117384263724,1.7643264853082283,102.8780359008299,-44.96517030915341,9.232806095484712,29.056070290978152,-6.726206042728612
1.5666666666666667,33.46759771244796,92.88412432904036,33.85511910053966,28.64354287438745,129.47120833674825,141.43695228416644,54.61924668312273,160.8217992848978,-65.67392503268738,16.92111166966902,29.005118068518897,-9.311736454145208
1.6,35.40727941695358,98.40906590459534,31.646464114422667,29.204066247651152,130.45617858957894,141.11308711836705,100.76847829008368,202.1518633552072,-80.29429506664475,22.988085169946768,26.236108130755422,-11.250876576354074
1.6333333333333333,38.97406003191764,105.39361947510932,28.905063313482064,29.969056260613655,131.36142092262432,140.73950109948686,134.8215203859865,222.2805709884896,-87.04626784634902,27.033736458877645,20.819177746487156,-12.259403947400628
1.6666666666666667,43.692291188629184,113.06111810146265,25.89337453419798,30.87958344323938,132.0902162209539,140.32902715367354,153.37908441533492,218.88374705313765,-84.91333046800855,28.696322727062075,13.192043775474419,-12.41223624926806
1.7,48.98611369277504,120.5891489415739,22.94004924480739,31.863341178093844,132.55525645009325,139.9000562832354,155.16918447642814,192.29121430415026,-73.7294124105383,27.620319370683692,4.075261375219322,-11.513376101181834
1.7333333333333334,54.28196852357251,127.18183018611063,20.392669886698044,32.81328797507129,132.70261431073848,139.50729078457388,140.96987340002164,145.38295246836813,-54.347324860402125,23.64859934173563,-5.531321956854573,-9.567659872929609
1.7666666666666666,59.063555781935904,132.17955477699016,18.519548998568222,33.63642063007498,132.51384430998726,139.19467230665694,113.30479072024805,83.5616424802818,-28.817290277596637,16.98213878295014,-14.53928827670084,-6.565061624525076
1.8,62.88243166161045,135.04570615541724,17.526946390147586,34.23970534584749,132.00610209289445,138.97073638133554,75.56025742773362,13.677446840833847,-0.0813255444996176,8.300776016116322,-21.845147794819574,-2.5548819594582532
1.8333333333333333,65.4226761308863,135.50161876545124,17.523764772570818,34.547595906646755,131.2435801579406,138.85569115841065,31.334334529598863,-57.01912634525864,28.603529761833865,-1.280422217222446,-26.630903528160747,2.141070121762633
1.8666666666666667,66.468454347624,133.51095449452117,18.52792361066063,34.509992661731886,130.31844411641052,138.90514382671407,-15.495151062921758,-121.25045959929362,54.31265848637891,-10.437138943726065,-28.41504872911105,6.929662281845915
1.9,65.94971271328178,129.3176556033692,20.42621600989144,34.13209179787101,129.3412567174244,139.12958414571307,-60.802831629726505,-172.41555583866312,74.79991213757371,-18.03956300131475,-27.011325480561197,11.289929853476131
1.9333333333333333,63.924721022030326,123.40819487316108,23.00104409775817,33.476331501851924,128.4177406862347,139.5208719249098,-100.36484564250605,-205.06377517307556,88.27076043441741,-23.09955677139002,-22.588976459701332,14.718261178510259
1.9666666666666666,60.54045998633344,116.37784208284427,26.000800428412795,32.64900856195918,127.64751462780828,140.0379503868125,-130.42055605606228,-216.24803514891272,93.73968939692865,-25.08804811845205,-15.67682506663223,16.638347414250628
2.0,56.0844899424308,108.94856089700941,29.1572939954994,31.77435691317766,127.10790530118112,140.62294792406527,-147.69859849230124,-204.99136165544604,90.73356301183699,-23.95431174500066,-7.013128154005529,16.595053782153638
2.033333333333333,51.00230192526809,101.90137876497313,32.214966842900424,30.956014517581913,126.86137395471998,141.1976626380622,-150.0568039277716,-172.67538264283422,79.50366780956443,-20.262999249112628,2.565495588047728,14.579854121987182
2.066666666666667,45.82267014296753,95.98114943782241,34.916449922503936,30.273776212216617,126.94507033341452,141.6984583003264,-136.7301650993027,-122.58729028354453,60.69994635797097,-14.807588874906205,12.1378361474394,10.792369403211334
2.1,41.0968732233649,91.79828332576467,37.00678202933653,29.790872289306442,127.35617671868778,142.07108934664822,-108.76597982448959,-59.611556573799135,35.445360884230915,-8.403606023979295,20.685512967989318,5.70618497582477
2.1333333333333333,37.3222640066437,89.73883125998783,38.275264055301086,29.53059822473779,128.05689214604197,142.27357280171043,-69.39061527456538,9.581872566751722,5.674010103352775,-1.7270446412458431,27.26351895033022,-0.046749587264703886
2.1666666666666665,34.91570570974649,90.04339149670749,38.53658835760097,29.494957477062815,128.98249297597783,142.2758225305379,-23.501038256042815,77.52777521329706,-25.815196924866946,4.795407394361195,30.996061672641304,-5.745082797208565
2.2,34.12772008366805,92.6861519802425,37.7121869689658,29.657627074590735,130.04660101759444,142.07645514072559,23.46014780300761,136.90768852248232,-55.427665769522555,10.795526585509066,31.28598708555541,-10.703659145916093
2.2333333333333334,35.00567053414735,97.40655476674638,35.82852414271226,30.008275065388798,131.12947822339646,141.70117749478752,66.22300631368793,181.66899376942237,-79.49672431559685,15.909742522959133,27.895930693148102,-14.29438888219248
2.2666666666666666,37.37718585710157,103.69914211815639,33.06411533755867,30.526727334047063,132.0989831777723,141.1977565738709,100.35360670315953,207.30859752023804,-94.85974163788163,19.82932029058904,20.88375405884267,-16.115296834379826
2.3,40.8943165154447,110.85789617791906,29.738503965186727,31.182240079332985,132.8334044343112,140.63124863417872,122.7725954261149,211.21539947640719,-99.35595642770927,22.16144327713432,10.73019809061606,-15.951237832506877
2.3333333333333335,45.11973368148993,118.10831406955705,26.26262966680646,31.932675750661375,133.22223764699694,140.0714241152325,132.22872255499408,193.41519091639205,-92.42239536352184,22.468112444554006,-1.577771348642572,-14.049060871341446
2.3666666666666667,49.61715340781058,124.70139878279713,23.065190152966412,32.70620529690554,133.19308226258644,139.58699032087745,128.95137365207168,155.986763052847,-74.91175932940784,20.269005445403717,-14.610274903420295,-10.885835113716894
2.4,53.9657746072695,130.009635622963,20.502166467946793,33.4162154608952,132.71297396146372,139.22412102261384,114.29116236290548,102.99787051606259,-49.10337272175361,15.442129908648624,-26.75718847206362,-7.009471066472766
2.433333333333333,57.79183468229581,133.50882359929335,18.846078103516824,33.973270251756595,131.79379016369413,139.00292043974943,90.08818220524495,39.807227608208066,-18.184087588730776,8.248149201438967,-36.551640589670804,-2.933364058053069
2.466666666666667,60.8012884891396,134.8720773550184,18.248025836366647,34.289845068693815,130.51770702442127,138.93065531270528,58.36919449725387,-27.41590661769495,14.114323440253886,-0.5680769999739735,-42.7621545710325,0.8312953633276062
2.5,62.77160629414752,133.96291788808156,18.746621334191573,34.29592243719222,129.02182174006856,138.97105706488375,21.15127021620085,-92.36523505626933,44.335999166493124,-9.807915177122126,-44.766786607559254,3.951059039504714
2.533333333333333,63.52337143193332,130.83211590248985,20.28350970572808,33.96232094575763,127.46729885003543,139.10333347987503,-19.036725590350784,-148.8635593123113,69.73303165995766,-18.172145128844818,-42.53757968979535,6.332856694599006
2.566666666666667,62.94981821767119,125.76045886842282,22.6920445671171,33.320299530918604,126.01072657302856,139.3118230290628,-59.1678644543723,-191.05298894956638,88.16945353337395,-24.477650537011673,-36.70223026094405,7.8297287515357805
2.6,61.02263993483342,119.22346059092312,25.719416678368688,32.44750170941129,124.77130064708683,139.57426616250817,-95.72391885155584,-214.39660970938667,98.1432570809836,-27.810299355513603,-28.438253299953853,8.39216266717697
2.6333333333333333,57.831538691665365,111.87735163192961,29.04571524311064,31.463850723835787,123.83783368019549,139.85187187283788,-124.75789069087902,-215.89820928849065,98.71477293723811,-27.73531674402141,-18.98296219089222,7.952309237433355
2.6666666666666665,53.58791382440615,104.44124302719611,32.380263913205816,30.50001781081273,123.23632928096922,140.12258292244906,-142.3969358366214,-195.08864706516104,89.818454028393,-24.44338242722068,-9.438802441254763,6.307462977397615
2.7,48.68305869647133,97.69230157456505,35.43973870710903,29.662858536193507,122.95950696184954,140.35573921114732,-145.71862096539567,-154.07345547078415,72.22394711639406,-18.661550596500568,-0.6044541911328798,3.4705032208599023
2.7333333333333334,43.61770128370179,92.36210040112505,37.93412740302819,29.03427478816968,122.96621371538247,140.494550122526,-133.3455882337588,-97.2092009096716,47.440240716251445,-11.321449464777587,7.046729278775887,-0.2410952396292055
2.7666666666666666,38.95246132270452,89.01282225566615,39.59272178792187,28.668782685464443,123.20707206459348,140.51202627328766,-106.17499208591087,-30.94036048756021,17.674779632512422,-3.4242397778883698,13.256483326576737,-4.327491303711688
2.8,35.232841660648624,87.98555378591567,40.220688159649306,28.580847053261152,123.64834785016858,140.37335361578567,-67.42762749843453,37.19019884095206,-14.428691080516682,4.242365189763912,18.09562437361046,-8.37351101061603
2.8333333333333335,32.89008871936586,89.30487848384143,39.74979866134549,28.746049716478264,124.246730582142,140.07880527878737,-22.251686491546888,99.20090589993279,-45.4197811101402,11.092455375495163,21.563370139242924,-11.628791627136735
2.8666666666666667,32.16599459525876,92.77349725469867,38.20600522981668,29.124531205717584,124.96076401574942,139.6683637001024,23.583933891681635,148.2605409327609,-71.54166670248394,16.621911029628258,23.66042982125667,-13.334348603566083
2.9,33.080008206667685,97.9519632157193,35.73968442725702,29.679355439050575,125.7421032209778,139.20465991324795,64.44261497333285,179.61390220687832,-89.61152832158395,20.503839509618256,24.081045345978342,-13.189039623183426
2.933333333333333,35.41105037413564,104.19053016787115,32.61905396734928,30.363275278976275,126.53898730867151,138.746538317843,95.76922725717512,190.87004331418817,-97.7609520276253,22.601193363634355,22.460639375691148,-10.87812842161814
2.966666666666667,38.77721845186684,110.76375549600982,29.19614377944351,31.12795485649918,127.30274086621016,138.3493185688014,114.58765491641917,182.00388503066594,-95.47969093691553,22.83768294937893,18.55458860900885,-6.6076968207340165
3.0,42.727660848266424,116.95747766739315,25.887510806530592,31.905383730268234,127.95442911072526,138.10874256054043,119.83461658799274,154.68581201185114,-83.29172252639106,21.054962157021816,12.317778355572502,-0.8554603857349905
3.033333333333333,46.819610168883976,122.18290500596443,23.062138048363252,32.61953648653907,128.4159996370617,138.0774149861373,112.14060065289613,112.69779778207834,-62.972487507273954,17.166081404789914,4.035562895845612,5.851673046192268
3.066666666666667,50.626434841911966,125.98412266088846,20.973559390692785,33.208266451642324,128.5901760999421,138.2693996118225,93.42661050587672,60.91138316861933,-37.0465594918846,11.370387478951548,-5.618698349196697,12.964766535010634
3.1,53.78712305989313,128.04261977189105,19.75982248088425,33.61428309265004,128.42607710689413,138.71675461989224,66.22516554041356,4.51713693713867,-8.404870613502963,4.134414248208713,-15.505197728267238,19.78646178221206
3.1333333333333333,56.01081817911514,128.1818204048356,19.497734265449775,33.781952037678,127.90751132209301,139.38654033954367,33.356439284299995,-51.51674675592069,20.285714932179108,-3.743814967738709,-24.178580528293114,25.543629666215196
3.1666666666666665,57.124789755939204,126.39900762384626,20.202639737607214,33.66784405652747,127.0735123641011,140.24586991885923,-2.143803852578598,-102.42401117823589,46.92232611663334,-11.331690434871565,-30.276719406923757,29.8907053833019
3.2,57.04811437646842,122.91378794850206,21.791618453872847,33.27395620101547,126.01104599390311,141.25899037892486,-37.08727151530988,-143.6398097518058,69.80428864845676,-17.722392387140854,-32.66731181991894,32.67013267994531
3.2333333333333334,55.79658116160589,118.04391831618126,24.13518991003509,32.64867140585457,124.8542950147797,142.36984149781736,-68.41194549866003,-171.3156980063433,87.29697732755854,-22.066164938109928,-30.944467052351914,33.63619519447526
3.2666666666666666,53.48082755384484,112.22794345597877,27.050157031257182,31.870582007028098,123.76588583992948,143.5044608660793,-93.26353421434283,-182.5853113257805,97.59488679980836,-23.73144194396085,-25.18914159244733,32.930156747498465
3.3,50.30997142480541,105.98247944224997,30.3316036615617,31.041154954817003,122.88883541791903,144.5995613934003,-109.3301126798264,-176.18396411372115,99.20304512634492,-22.54465706815147,-16.12255731876435,30.607477683361527
3.3333333333333335,46.58521534846394,99.93151256143382,33.71062570407405,30.260386326929996,122.33761625134342,145.6187846932938,-114.69666807179819,-152.53912737230237,91.32570714591674,-18.867027775136567,-4.79892595715151,26.817568267962333
3.3666666666666667,42.66594109168433,94.69169015595436,36.873325321224286,29.612920890043476,122.18408336506059,146.5250755612393,-108.2852560564399,-113.24730965712996,73.83196111098324,-13.357386233600824,7.3903065920750635,21.879280808288932
3.4,38.94796367013939,90.7968558287012,39.47446037061297,29.165314049709732,122.44119979396045,147.2621988505477,-90.0701389837881,-61.67246160016496,47.73534000859471,-6.821935378436673,19.079252172744933,16.22078682983136
3.433333333333333,35.8297036622233,88.67478007425542,41.17722269871863,28.95430957909795,123.09555982042895,147.81108470285454,-61.29387754374798,-2.4345580441822627,15.211197670599226,-0.05566156407759423,29.12643763924472,10.155318703226117
3.466666666666667,33.66907786656103,88.55961902324995,41.747746429799165,28.97622377889148,124.08514566132551,148.1511031642109,-24.59490832756762,58.467320582995946,-20.086326988693017,6.354561518334047,36.52296182285267,4.083609013813376
3.5,32.766559476341214,90.51009063009364,41.085145390117205,29.204878649233745,125.33038739113299,148.27782192986092,16.25469613067854,114.91926106026662,-53.85692730282946,11.947258798130227,40.49854848838311,-1.5028517725865893
3.533333333333333,33.28382260871665,94.40956640354706,39.2255166416125,29.608749305173877,126.70780201447354,148.21356336331354,56.80062994629824,161.07254163255965,-81.73406386516533,16.344144428392607,40.57832331277114,-6.163591353206052
3.566666666666667,35.227579450273936,99.91015388471013,36.37218653627776,30.1479019307313,128.0956703488369,147.9956588922963,92.48824225324444,191.95039834366435,-100.21219025206703,19.28638674863985,36.56122251822157,-9.704973774651705
3.6,38.42660807896337,106.50049386546912,32.861746585730465,30.784940955244387,129.36201281425318,147.6544943500514,119.18956672397023,203.9492877183746,-107.15703630314538,20.57672365705875,28.763261993685585,-12.039684020995118
3.6333333333333333,42.54073555152744,113.49035729895135,29.142062891891328,31.479696642824628,130.36853937891573,147.24302075792903,133.62666610222135,194.84431868196395,-101.79453466516425,20.009607062945477,17.933556693829207,-13.244754613978131
3.6666666666666665,47.13270835609715,120.17637008275773,25.639893987517894,32.167377289636526,131.0030666075668,146.80044879335387,134.01438696082505,164.63075939805842,-84.88803288556865,17.386898464108672,5.392411718711096,-13.434241916357468
3.7,51.72954417942301,125.85195593845073,22.743883862084235,32.77339849049682,131.19562059238,146.3588854382926,120.1857822953051,115.83054490386209,-58.626136302536594,12.69823888586896,-7.342508447151356,-12.789298161447373
3.7333333333333334,55.85866982342217,129.8951693981681,20.744296000554076,33.22634932600266,130.93242270018433,145.94108944339396,93.58691983575379,53.135065043945296,-26.231797978330732,6.210846063733145,-18.577549365559168,-11.411525115626134
3.7666666666666666,59.08242181631251,131.7990548549558,19.848964210990484,33.4614097221749,130.26785877645747,145.55957184193613,56.949350869220744,-16.970814534779333,8.57646513671551,-1.414863385825663,-26.747069860559186,-9.430672525261958
3.8,61.04370771643739,131.2519982255704,20.159085600526236,33.4326382261335,129.3127187270944,145.23915324177815,13.89780425080263,-87.3422898788709,42.321062488311235,-9.16070604067062,-30.780846451827834,-6.8621833559132615
3.8333333333333335,61.52581349619636,128.2560513369691,21.632017855877695,33.12015060389246,128.22271781868074,145.00551891549247,-31.220393644960122,-150.3030167273921,71.80968502509262,-16.030802886165482,-30.276335344195562,-3.7984623339174264
3.8666666666666667,60.46647287471051,123.08649757580916,24.112000356465288,32.55176187617527,127.15604254804883,144.8656028267391,-73.62313067714669,-198.65903200305732,94.43576726963708,-21.146536058871877,-25.56263726045253,-0.44814299131794405
3.9,57.95135986221439,116.25958161254067,27.341309620783946,31.798193733731168,126.26612622810171,144.83915998552268,-108.79542996485586,-226.69065261774549,108.14108514108815,-23.871060443421708,-17.554056504413065,2.936323522415994
3.933333333333333,54.210371795512195,108.45750169376149,31.016556613095233,30.95864610738697,125.6743259918999,144.9320010383094,-133.1886646166852,-231.54730548007205,111.92028782172561,-23.957496598108747,-7.4673293934811635,5.837807605666508
3.966666666666667,49.611261363351986,100.46321708839288,34.81529270518918,30.134554682911787,125.44645333456863,145.1336583846659,-144.57049368179804,-213.37177806839915,105.6481950721871,-21.62654124489774,3.4094039646123466,7.795555568303897
4.0,44.62722990840758,93.11644545690747,38.40541952973489,29.39896608899532,125.5932209397255,145.41126398829078,-142.1011048943342,-174.49966664220887,89.84608728199726,-17.536310346435215,13.92213231207889,8.560296196280042
4.033333333333333,39.763403338985974,87.17203646217497,41.46485445160422,28.813224770250383,126.08540271323358,145.71784350699798,-126.47568134771397,-119.44589640642846,65.8055451379282,-12.491771184621129,23.146542653242083,7.769531887244344
4.066666666666666,35.4649250323957,83.17305298562952,43.71025607858238,28.41164395525747,126.8757704621432,146.00608679853718,-99.90771984407787,-54.25778004830441,35.451061313387136,-7.230416949163402,30.48688090844251,5.468316611787817
4.1,32.085862526526924,81.39122030618331,44.947162343627774,28.19723196407584,127.90694247870493,146.20460531594912,-65.7305784180544,14.188722648435519,1.443721001672422,-2.2816774773497666,35.70289050807763,1.9365420737825245
4.133333333333334,29.886019993495367,81.9242361464425,45.03002967923407,28.145545483747092,129.1117694205619,146.27847279368623,-27.778910501142803,79.1569910915794,-32.95965064368056,2.0065165054948633,38.7771654711213,-2.273222191564309
4.166666666666667,29.00094202126109,84.69008117177849,43.916607134270066,28.223492531231873,130.41481421766343,146.21194219700428,10.249401328946204,135.21091127573663,-64.25029411392418,5.411991785854608,39.78730701868949,-6.5554082634409125
4.2,29.41978868071024,89.36821417819671,41.70146861665468,28.407559148081614,131.74693511749518,145.97728044558835,45.18097220251129,178.59961920776271,-89.34587570418797,7.977525691254542,38.83067622888911,-10.295497554709744
4.233333333333333,31.011127360773056,95.49642112038379,38.59564486416916,28.67854661207941,133.0407228803305,145.61201260084357,74.40004927454436,207.11372301118362,-106.05745823876525,9.939898756222084,36.10698389723715,-12.92796214526543
4.266666666666667,33.570792929553846,102.53811638394184,34.91260965609618,29.016847988386615,134.2420572845534,145.1544197633832,96.07653227742755,219.74319311133357,-113.25469923864371,11.574702189114669,31.854465826684095,-14.317955795488007
4.3,36.84962952887271,109.96016356995085,31.0114703856427,29.400150570280434,135.3010346739446,144.66008447322574,109.56965750497005,217.46061262611255,-111.35567441274988,13.064628286556214,26.273664974775002,-14.350820484143037
4.333333333333333,40.5763613471897,117.27998031936356,27.236096202076826,29.820780729636247,136.1703418295982,144.17226358338155,115.22470625004199,202.73308607543663,-101.95159932303146,14.533368840568166,19.354890361381187,-13.021165068416469
4.366666666666666,44.47654748129689,124.07578307820957,23.83798351154469,30.28652213836892,136.80768743483932,143.7350503703657,114.02615379054862,178.4312846830967,-87.29332951591435,16.029239405625386,11.025083783976998,-10.803470532289815
4.4,48.29666061223538,130.00577669655007,20.977448307828823,30.805877658870752,137.18223013355498,143.37751382325396,107.35683251723815,147.51401084760607,-69.82432658047416,17.43113212772625,1.2897523951546763,-8.056097062197209
4.433333333333334,51.85006656068757,134.8416123468007,18.723727815356906,31.375401459096004,137.25414715391256,143.1058947867729,96.82456881760592,112.68095870460125,-51.626946393176254,18.402117439526464,-9.628788327495256,-5.101938053205412
4.466666666666667,55.033904122306055,138.51778856468684,17.069440188107844,31.981477977512693,136.97654450245432,142.94494145177782,83.87496861497945,76.0734218652326,-33.960639208763034,18.366937105515174,-21.29976526815319,-2.102739569559673
4.5,57.77644295681345,140.99443007960505,15.99090541492814,32.60363383615499,136.29747898484206,142.8926696421665,69.5095181384706,39.050272044408175,-17.131318640903118,16.788792227825166,-32.93132327492042,0.6662725408532599
4.533333333333333,60.03765222687282,142.248277143999,15.452507743746574,33.19508237772064,135.2053754757616,142.91777369359198,54.01573283380089,1.89582463801021,-0.756305160465428,13.367387957313996,-43.512308205078,3.1052932044059793
4.566666666666666,61.79841033117494,142.29188647859343,15.425214073874777,33.68569149115156,133.73882309706934,143.01688692675367,36.97385892896535,-35.75066253768047,15.793750862026883,8.11753266216845,-51.81467795031209,5.143563583050379
4.6,63.031968808118734,141.14152608662536,15.903001931997487,33.99795399290153,131.9749951129197,143.19070025535217,17.624468799286486,-74.17615429701047,32.8504848806682,1.381538662290311,-56.78182959943311,6.771811906062611
4.633333333333334,63.66882597205262,138.78154285137512,16.920856956001803,34.06500028063377,130.0253811104874,143.42908351515877,-4.564334777292606,-112.44116930187707,50.10659470014786,-6.069073307466947,-57.78624990449833,8.210732284994513
4.666666666666667,63.60681912615601,135.17286664344812,18.524253400611478,33.862487597343346,128.04289859158212,143.70105588686258,-29.72893312973969,-148.98659653711647,66.86076112789782,-13.139639959565855,-54.88982908428105,9.539597567706286
4.7,62.721447400002134,130.2933201289681,20.736256677231914,33.403899266169724,126.17055209144326,144.00760606174467,-57.053740365830976,-181.32656964046836,82.10812862849028,-18.75602777448037,-48.61788774800964,10.519776769082169
4.733333333333333,60.912283321638675,124.25471103552655,23.499381692259515,32.73822338486617,124.53984551774352,144.34195796370827,-84.51318225508986,-205.7867710727214,94.39903642708974,-22.13710465388399,-39.772321522058235,11.105022861654145
4.766666666666667,58.14478253095596,117.33009941261167,26.6757883458705,31.947889874865222,123.22981406258573,144.71116702206527,-109.05012151133147,-217.9105818380664,101.83409370991271,-22.9181390324225,-29.349490633678975,11.372626993279761
4.8,54.49227029404736,109.95060370740948,30.084533131206026,31.143478180145145,122.2764415963272,145.10780010801415,-127.24350201121194,-214.05789162657413,102.76457609682588,-21.22307405787859,-18.453723551104023,11.243374692837369
4.833333333333333,50.14809155408613,102.60402348658454,33.53815568688319,30.42089239978577,121.67928184384824,145.4942856368489,-135.8979123378719,-192.3305603927259,96.00272466740545,-17.465427352107255,-7.877457394064359,10.4838285972075
4.866666666666666,45.45488620304576,95.91071180863844,36.820877306389185,29.84348490521633,121.43060946520148,145.83562215169314,-132.88158743764822,-153.57643031432073,81.2568537106619,-12.298081996343942,1.9167061840126576,9.016819025428081
4.9,40.845539346441655,90.537067760121,39.6488838862707,29.44589758030471,121.50934570597083,146.1351933334817,-117.65459491965427,-101.02887822349531,58.973395127952365,-6.476358209769525,10.730812788720852,6.892470250159376
4.933333333333334,36.76835307319138,87.04428180614578,41.72001731090069,29.243112492950452,121.87551013795404,146.3810234158749,-91.50903159708145,-39.909581341351576,30.42162487333454,-0.6951654563450573,18.43111965998948,4.277445353383136
4.966666666666667,33.611446509550326,85.71009865785281,42.815157278990256,29.230493016454254,122.47791978529318,146.53436755911775,-57.49644134548651,23.041513515652877,-2.0514401678003567,4.616421223471825,24.923386855555023,1.4175959805716443
5.0,31.660327960283425,86.57382486694645,42.78671419370437,29.39654242686745,123.28653025238144,146.5795977754753,-19.967929810178575,79.95745335511047,-34.81902452763279,9.274982377027666,29.799309125698255,-1.6084302683682865
5.033333333333333,31.036895676370637,89.39712375027341,41.620596861228094,29.714815637726414,124.26767245206001,146.5182560207131,16.55939969367124,124.0646137316712,-63.61445254307346,13.145975117298955,32.59446415545272,-4.728591423725396
5.066666666666666,31.696306851082557,93.76012415319082,39.416746681942655,30.154810347479348,125.35673099686808,146.36458066571328,48.1531431223087,151.16055458630169,-84.85876514079732,16.13374885872363,32.76336826123821,-7.5002029182404195
5.1,33.443104808425105,99.0731605049616,36.423538212453956,30.68551787351959,126.47527347022316,146.1211352226066,71.83553952118527,159.81037000542148,-96.30302749407,18.147737173889837,29.82274493881707,-9.499401074061433
5.133333333333334,35.96538735325252,104.62805307383887,33.02336671024502,31.281212764464428,127.52674558057132,145.80537734665282,85.85343615739512,150.4508185226159,-96.86495604113982,19.008438668064667,23.512072061593596,-10.566927613723454
5.166666666666667,38.9119038303972,109.74118877846631,29.663040627966488,31.91568263038342,128.37101925225284,145.43390525693422,89.90705726280716,125.69395136910629,-87.01205123593502,18.50331284025264,14.188046122474937,-10.613374696558267
5.2,41.962713966280816,113.93050156884568,26.724199463993326,32.542251889244476,128.89815067744792,145.05064719317997,84.80264659685584,89.35364152947363,-68.35141836958604,16.436117083849197,2.930265214563118,-9.576335218438029
5.233333333333333,44.82669032703759,116.88921697656623,24.454767129360178,33.11268083532382,129.02047866430075,144.71881868233532,72.04401612003974,46.199964482617794,-43.58758241578024,12.733175528087097,-8.823329464082205,-7.517330529029305
5.266666666666667,47.24221580345327,118.40799757595141,23.019556832480333,33.56971777180145,128.71230495781924,144.4677143230309,53.4617596321484,0.686799967390587,-15.602894684974379,7.5355342262009275,-19.336075834464907,-4.788704752321672
5.3,49.01696170015504,118.3770807439634,22.525482382252008,33.851300873122945,128.01450776498115,144.3111798124162,30.836537416938434,-43.56955386654632,12.990985026050003,1.3433484154202728,-26.931811269634284,-1.6383404199857594
5.333333333333333,50.03691574132262,116.86936278443272,22.98281945715424,33.91202506040925,127.04060626974787,144.26216107704187,5.8012945620490886,-83.90831553666109,40.240608641716044,-4.987620278256045,-30.683366165286774,1.502678378500076
5.366666666666666,50.23544668095387,114.03648269760059,24.34380766506246,33.73998919400312,125.94993552183531,144.32481341595457,-19.83482000897629,-117.59238762123145,64.42974437771039,-10.596086693689942,-30.219373031278764,4.430797971824212
5.4,49.5905275856144,110.12122211589714,26.48924529691405,33.35757119060962,124.8927568733557,144.47884011435386,-44.05277701868541,-141.7441484803657,83.73541540413015,-14.664755342781968,-25.82489288890727,7.016042277525582
5.433333333333334,48.13723218691113,105.37943687527918,29.28653400927998,32.82271713754801,124.01551365352215,144.70162711332492,-64.90039319555414,-154.0732298435691,96.4273192995365,-16.6424688720132,-18.322572152375816,9.067210851093398
5.466666666666667,45.96608021876209,100.17008632490995,32.529696644603035,32.224883664182386,123.41607385026306,144.99902567830162,-80.43064688669332,-152.90526086051,100.95395955125875,-16.36219392963948,-8.919935783438598,10.268402340876737
5.5,43.234213880170046,94.92656866042515,35.96565965505756,31.656223848427462,123.13124470388453,145.34023603248195,-88.71753907249192,-137.05604867740797,96.06818181202645,-14.118569712807092,1.2625646478479422,10.376445265281252
5.533333333333333,40.192714459968464,90.18080158722735,39.27368930114188,31.17784003944673,123.18790256171273,145.71241714015193,-88.28635683696649,-106.8182153530946,81.35563196727063,-10.451667585168877,11.379230940824002,9.39197421701558
5.566666666666666,37.1526322709376,86.45112341322847,42.11331098952227,30.83591237546134,123.58456374659717,146.063093029814,-78.51610307520822,-64.0767335124557,57.34051993134734,-6.071787402358123,20.68444221746935,7.416893556430671
5.6,34.4294758421003,84.15970282565766,44.15853163356838,30.649284887425083,124.28404120242992,146.34895580798639,-59.814304085542595,-13.013567294826512,26.23480902010904,-1.6989961199720751,28.697831683367582,4.974897124317472
5.633333333333334,32.337217655493205,83.64322591216995,45.123801927188744,30.61609374893304,125.23201586316551,146.52797675855274,-33.79450363209467,40.82838912452216,-8.594698718076385,2.255391315805461,34.93764198133235,2.8619963931523538
5.666666666666667,31.14719438886318,85.03630825300618,44.85344669368731,30.710464415294673,126.38448198580835,146.6012565061489,-3.1839400913937506,91.05463479801767,-42.870524894237725,5.715102914364973,38.74730934596909,1.826821438718179
5.7,31.0291513829799,88.20706135854321,43.356778969575885,30.91349524829224,127.67665647849095,146.61720795175734,29.0044264792074,132.13385522321897,-72.3886353088881,8.700316489128568,39.46044209265927,2.6426468443957036
5.733333333333333,32.02957460096674,92.81511755812166,40.800453283848036,31.19868678201893,129.009384831071,146.64471072750536,59.6640291648801,159.6013788891144,-93.5001529552019,11.279439333394809,36.52681310942458,5.547730872137024
5.766666666666667,34.07717902621475,98.32732761267486,37.52472536047034,31.54766234818047,130.26906493215887,146.79000079103884,85.59840300781697,170.3871695808444,-103.73995600725048,13.399400733600732,29.431709207345943,10.439613741868595
5.8,36.98583451740123,104.16057476408304,33.92103203637905,31.965789168031154,131.3126804556328,147.10987135524837,103.8544089758371,163.53152128817263,-102.41419080732175,14.827916576263675,18.05258863014684,16.47471588580982
5.833333333333333,40.494112592755044,109.71420755808757,30.404216148358778,32.45061958864306,131.99021547046337,147.64772268442053,112.29773125959555,140.02190840825997,-90.36761491019348,15.060619301268856,3.252215044289473,22.463447000837846
5.866666666666666,44.32429878750615,114.49255611179623,27.32715203434168,32.97034279171969,132.16592921188143,148.40855091157258,109.94268026169655,102.43750155256845,-69.61445388540301,13.655480923278802,-13.327501740885387,27.02632623921502
5.9,48.12025023951688,118.01683770026395,24.984733585989083,33.46694752886589,131.75851989959543,149.34376821095614,96.79938228310705,54.658220737513915,-43.00353841113045,10.26615342955994,-29.615465224781296,29.150466203848794
5.933333333333334,51.477584901111804,119.91804403024987,23.563392145650436,33.86176567700091,130.74254092414378,150.3834307477195,73.84340904657871,1.4573712165270587,-13.553306621500967,4.880641583314301,-43.25603080735982,28.489179757800898
5.966666666666667,54.01854112709612,119.99133547980782,23.13506704832853,34.071827388310034,129.21053755255608,151.39409383138064,42.94259035952873,-51.9160784947827,15.686430316963321,-1.881675037764148,-52.20012455302793,24.86499268087536
6.0,55.48451781550781,118.21682200398513,23.692875090734727,34.02949567052322,127.36800071520719,152.2599485881961,6.910576461037888,-100.22440769294394,42.276733812012054,-8.932190573489322,-55.07050286338661,18.703697080598698
6.033333333333333,55.74233534841843,114.78067390068463,25.148712602806604,33.72106605031839,125.44134923405896,152.88105617425424,-30.184578945392296,-137.77951512789252,63.9080808258569,-15.067536132711593,-51.48575833345668,10.964851096465168
6.066666666666666,54.743047789816146,110.04522913152553,27.330946288742457,33.17457932247714,123.65384225912064,153.24011134434454,-64.18822592693441,-160.51770690826515,79.0113916284704,-19.198079747881888,-42.09117442624544,2.9312513324921468
6.1,52.56209948346348,104.53593880535594,30.006782518400257,32.471137404719805,122.21364597062723,153.33031853095682,-91.10004636468673,-165.62597635033507,86.28862732000545,-20.64383876153296,-28.53619237493104,-4.143100295600766
6.133333333333334,49.41894610389423,98.83304691981633,32.91711765458265,31.7294039826294,121.2607127725387,153.14742046080593,-107.77239709257513,-152.09759533025522,84.76179368389467,-19.286735650700237,-12.793071301041438,-9.68434399232578
6.166666666666667,45.67285032650267,93.57842905538094,35.80369442048338,31.058836503462448,120.86703450307456,152.75934648847291,-111.95683581490208,-120.83308768590801,74.05623149515888,-15.554470334179145,3.390310213074351,-13.571511633827878
6.2,41.78820935051494,89.42853169118912,38.34373536365581,30.537617983518036,121.02989933040628,152.2565770360422,-102.64264682822892,-74.49201974087376,54.57050521972266,-10.138886001039563,18.46306548459895,-16.27861620769812
6.233333333333333,38.20511379997781,86.82697516665895,40.267461723381096,30.216871217136426,121.68862971948333,151.71744169221938,-80.79738179864074,-17.43998146955725,27.542317546659753,-3.8950055205218486,31.192524507793717,-18.109400417137824
6.266666666666667,35.38473778393451,86.1803459576518,41.28471586142954,30.11017921643388,122.75076347297758,151.15576705399138,-49.3208785579946,44.80947532531394,-4.705406511659517,2.4701199203623827,40.89443115938913,-19.527026598405183
6.3,33.66670971316901,87.6678295357802,41.18660949938238,30.20787288870298,124.1243937743575,150.54442925442115,-12.09213128491717,106.37437592381016,-39.47712387924301,8.41647498140914,47.23924742084365,-21.282976009887804
6.333333333333333,33.269674972498706,91.26741684066691,39.87908302431631,30.492603057470163,125.70923758553495,149.860465950066,26.106980969383216,160.845614664342,-72.74121384567303,13.602008551107762,50.1187479261447,-23.500134127958567
6.366666666666666,34.2338642218175,96.74118911636485,37.40716593193297,30.946032535224056,127.38755234582754,149.0785560163311,61.00190256724912,203.03822317370026,-100.81526658038663,17.819700331252758,49.506215141797355,-25.921286542328716
6.4,36.397853557880204,103.64307248842493,33.9590855622904,31.542757487797324,129.0380835544261,148.2212015432082,88.94920036623924,228.51708257725016,-120.36016548272859,20.985572316767364,45.35754454375241,-28.007335162588312
6.433333333333334,39.47998858720838,111.39463868396852,29.852176388382734,32.25424625156652,130.55020721364448,147.28681419390384,111.59162283328433,230.8794296875019,-128.16450514000604,24.304147455253116,32.95279893668577,-30.749214386647118
6.466666666666667,43.17127274021957,119.35869244484351,25.4254824631698,33.02856050060066,131.80648474704407,146.28343727094028,121.5543063804212,214.9116517350696,-124.62896003892983,25.692272236179775,19.654879547230564,-31.652094888747673
6.5,47.06141766190249,126.73818687847994,21.191797763317645,33.82586466071209,132.6823015724306,145.2864470404066,118.52302254986378,182.0596036693832,-110.1087779071649,24.838506997875474,6.632132504637877,-30.1783183989554
6.533333333333333,50.838113744775704,132.8786268967848,17.534443323984586,34.60782526367469,133.05781076782503,144.33501667298347,100.14002861408315,132.8999827452089,-84.0871101089756,21.164226098260315,-4.201212842935917,-25.50275870608929
6.566666666666666,54.18905138135788,137.12551741166547,14.836740180329013,35.33610884126246,132.81316541124883,143.46831933935186,64.0475818455507,68.00948621731399,-46.04710800862663,14.090803895254483,-10.930927147334401,-16.800289598968444
6.6,56.801920964167635,138.82436333502926,13.482009367509306,35.97238192524939,131.82851858072343,142.7255282101929,7.8879395167378235,-12.03518865953449,4.528077029617366,3.0396147467781796,-11.642781060401148,-3.24578486641197
